q_idx,bins_items_correct_answer,debug_level_2,question,cue,cue_completed,retrieval_type,get,correct_answer,correct_answer_chapters,correct_answer_detailed,n_items_correct_answer,n_chapters_correct_answer,debug_changed,debug_existing_change,minerva_category,minerva_subtask,missing_tuple_elements,present_tuple_elements,minerva_category_known,combined_source,is_synthetic,synthetic_type,synthetic_note,combined_q_idx
27,0,1566,"Consider all events involving both Mila Gonzalez and bridge collapse at Amman Governorate. Provide a list of all dates when these events occurred, without describing the events.","(*, s, ent, c)","(*, {Amman Governorate}, {Mila Gonzalez}, {bridge collapse})",Times,all,set(),set(),{},0,0,"{'location', 'date'}",False,Search,Keyed retrieval from episodic event memory,t,s|ent|c,True,original,False,,,0
32,2,1426,What was Benjamin Green doing the last time they were observed in the story's timeline?,"(*, *, ent, *)","(*, *, {Benjamin Green}, *)",Event contents,latest,['volcanic eruption'],[14],{14: 'volcanic eruption'},1,2,set(),,Stateful Processing,Latest-state retrieval in an event stream,t|s|c,ent,True,original,False,,,1
27,0,1582,"Consider all events involving both Sofia Ramos and mass shooting at Andalusia. Provide a list of all dates when these events occurred, without describing the events.","(*, s, ent, c)","(*, {Andalusia}, {Sofia Ramos}, {mass shooting})",Times,all,set(),set(),{},0,0,"{'content', 'date', 'location', 'entity'}",False,Search,Keyed retrieval from episodic event memory,t,s|ent|c,True,original,False,,,2
11,0,2292,"Reflect on events related to airport shutdown. Provide a list of all protagonists involved in these events, without describing the events.","(*, *, *, c)","(*, *, *, {airport shutdown})",Entities,all,set(),set(),{},0,0,"{'content', 'date', 'location', 'entity'}",False,Search,Keyed retrieval from episodic event memory,t|s|ent,c,True,original,False,,,3
22,2,152,"Consider all events involving both Samuel Parker and bridge collapse. Provide a list of all dates when these events occurred, without describing the events.","(*, *, ent, c)","(*, *, {Samuel Parker}, {bridge collapse})",Times,all,"{'October 12, 2024', 'September 27, 2025'}","{25, 33}","{25: 'September 27, 2025', 33: 'October 12, 2024'}",2,2,set(),,Search,Keyed retrieval from episodic event memory,t|s,ent|c,True,original,False,,,4
27,1,68,"Consider all events involving both Carter Stewart and bridge collapse at Buenos Aires Province. Provide a list of all dates when these events occurred, without describing the events.","(*, s, ent, c)","(*, {Buenos Aires Province}, {Carter Stewart}, {bridge collapse})",Times,all,"{'January 03, 2026'}",{30},"{30: 'January 03, 2026'}",1,1,set(),,Search,Keyed retrieval from episodic event memory,t,s|ent|c,True,original,False,,,5
18,2,27,"Consider all events involving Levi Rodriguez at Nairobi County. Provide a list of all dates when these events occurred, without describing the events.","(*, s, ent, *)","(*, {Nairobi County}, {Levi Rodriguez}, *)",Times,all,"{'May 28, 2025', 'July 25, 2024'}","{53, 55}","{53: 'July 25, 2024', 55: 'May 28, 2025'}",2,2,set(),,Search,Keyed retrieval from episodic event memory,t|c,s|ent,True,original,False,,,6
16,2,622,"Recall the events related to fishing fleet loss that occurred on June 14, 2025. List all the locations where these events took place, without describing the events themselves.","(t, *, *, c)","({June 14, 2025}, *, *, {fishing fleet loss})",Spaces,all,"{'Minas Gerais', 'Sichuan Province'}","{26, 60}","{26: 'Minas Gerais', 60: 'Sichuan Province'}",2,2,set(),,Search,Keyed retrieval from episodic event memory,s|ent,t|c,True,original,False,,,7
25,0,2589,"Think about the events related to water supply contamination that occurred at Minas Gerais on April 09, 2026. List all protagonists involved in these events, without describing the events themselves.","(t, s, *, c)","({April 09, 2026}, {Minas Gerais}, *, {water supply contamination})",Entities,all,set(),set(),{},0,0,{'content'},False,Search,Keyed retrieval from episodic event memory,ent,t|s|c,True,original,False,,,8
26,1,326,"Consider the events involving both Levi Rodriguez and factory explosion on December 26, 2026. List all the locations where these events took place, without describing the events themselves.","(t, *, ent, c)","({December 26, 2026}, *, {Levi Rodriguez}, {factory explosion})",Spaces,all,{'Vermont'},{15},{15: 'Vermont'},1,1,set(),,Search,Keyed retrieval from episodic event memory,s,t|ent|c,True,original,False,,,9
17,2,1160,"Think about the events involving bridge collapse on February 27, 2026. Provide a list of all protagonists involved in these events, without describing the events.","(t, *, *, c)","({February 27, 2026}, *, *, {bridge collapse})",Entities,all,"{'Jackson Ramos', 'Mila Gonzalez'}","{9, 19}","{9: 'Mila Gonzalez', 19: 'Jackson Ramos'}",2,2,set(),,Search,Keyed retrieval from episodic event memory,s|ent,t|c,True,original,False,,,10
25,1,1270,"Think about the events related to factory explosion that occurred at Greater Mumbai on April 09, 2026. List all protagonists involved in these events, without describing the events themselves.","(t, s, *, c)","({April 09, 2026}, {Greater Mumbai}, *, {factory explosion})",Entities,all,{'Scarlett Thomas'},{46},{46: 'Scarlett Thomas'},1,1,set(),,Search,Keyed retrieval from episodic event memory,ent,t|s|c,True,original,False,,,11
11,2,979,"Reflect on events related to nuclear plant meltdown. Provide a list of all protagonists involved in these events, without describing the events.","(*, *, *, c)","(*, *, *, {nuclear plant meltdown})",Entities,all,"{'Zoe Brown', 'Henry Reed'}","{57, 3}","{3: 'Henry Reed', 57: 'Zoe Brown'}",2,2,set(),,Search,Keyed retrieval from episodic event memory,t|s|ent,c,True,original,False,,,12
15,1,1080,"Reflect on what Lily Nguyen experienced on April 09, 2026. Describe all the key events they were involved in, focusing on what happened rather than where it occurred.","(t, *, ent, *)","({April 09, 2026}, *, {Lily Nguyen}, *)",Event contents,all,{'residential tower fire'},{23},{23: 'residential tower fire'},1,1,set(),,Search,Keyed retrieval from episodic event memory,s|c,t|ent,True,original,False,,,13
4,"{3,4,5}",362,"Consider the location Dodoma Region. List all protagonists that have been involved in any events at this location, without mentioning the events themselves.","(*, s, *, *)","(*, {Dodoma Region}, *, *)",Entities,all,"{'Noah Williams', 'Julian Ross', 'Bella Alvarez', 'Olivia Turner'}","{43, 27, 21, 39}","{21: 'Julian Ross', 27: 'Noah Williams', 39: 'Olivia Turner', 43: 'Bella Alvarez'}",4,4,set(),,Search,Keyed retrieval from episodic event memory,t|ent|c,s,True,original,False,,,14
23,2,1018,"Reflect on the experiences of Julian Ross related to volcanic eruption. List all the unique locations where these events took place, without mentioning the events themselves.","(*, *, ent, c)","(*, *, {Julian Ross}, {volcanic eruption})",Spaces,all,"{'Scotland', 'Dodoma Region'}","{21, 6}","{6: 'Scotland', 21: 'Dodoma Region'}",2,2,set(),,Search,Keyed retrieval from episodic event memory,t|s,ent|c,True,original,False,,,15
13,1,674,"Recall the key events that occurred at Greater Mumbai on April 09, 2026. Describe what happened, focusing on the actions or occurrences rather than who was involved.","(t, s, *, *)","({April 09, 2026}, {Greater Mumbai}, *, *)",Event contents,all,{'factory explosion'},{46},{46: 'factory explosion'},1,1,set(),,Search,Keyed retrieval from episodic event memory,ent|c,t|s,True,original,False,,,16
3,0,2424,"Think about all events that have occurred at Alberta. Provide a list of all dates when these events took place, without describing the events.","(*, s, *, *)","(*, {Alberta}, *, *)",Times,all,set(),set(),{},0,0,"{'content', 'date', 'location', 'entity'}",False,Search,Keyed retrieval from episodic event memory,t|ent|c,s,True,original,False,,,17
4,"{3,4,5}",367,"Consider the location Luzon Region. List all protagonists that have been involved in any events at this location, without mentioning the events themselves.","(*, s, *, *)","(*, {Luzon Region}, *, *)",Entities,all,"{'Zoe Brown', 'Henry Reed', 'Benjamin Green', 'Mila Gonzalez'}","{49, 11, 22, 7}","{7: 'Benjamin Green', 11: 'Henry Reed', 22: 'Mila Gonzalez', 49: 'Zoe Brown'}",4,4,set(),,Search,Keyed retrieval from episodic event memory,t|ent|c,s,True,original,False,,,18
16,2,619,"Story recall-and-edit: Start from the answer to this story query: ""Recall the events related to factory explosion that occurred on December 26, 2026. List all the locations where these events took place, without describing the events themselves."". Remove ""Luzon Region"" from that answer. Return only the remaining items.","(t, *, *, c)","({December 26, 2026}, *, *, {factory explosion})",story_edit::remove_one,all,{'Vermont'},,{'remaining_items': ['Vermont']},2,2,set(),,Recall and Edit,Story-grounded remove-one edit,s|ent,t|c,True,story_synthetic,True,recall_and_edit,Removed item: Luzon Region,19
28,1,847,"Recall what happened involving Scarlett Thomas and factory explosion at Greater Mumbai on April 09, 2026 and list only who else was involved (if anyone).","(t, s, ent, c)","({April 09, 2026}, {Greater Mumbai}, {Scarlett Thomas}, {factory explosion})",Other entities,all,set(),{46},{46: []},0,1,set(),,Match and Compare,Co-occurrence lookup excluding anchor entity,,t|s|ent|c,True,original,False,,,20
23,0,2313,"Reflect on the experiences of Brooklyn Ross related to factory explosion. List all the unique locations where these events took place, without mentioning the events themselves.","(*, *, ent, c)","(*, *, {Brooklyn Ross}, {factory explosion})",Spaces,all,set(),set(),{},0,0,"{'content', 'date', 'entity'}",True,Search,Keyed retrieval from episodic event memory,t|s,ent|c,True,original,False,,,21
1,1,216,"Consider all events that happened on December 03, 2026. Provide a list of all protagonists involved in any of these events, without describing the events themselves.","(t, *, *, *)","({December 03, 2026}, *, *, *)",Entities,all,{'Ezra Edwards'},{24},{24: 'Ezra Edwards'},1,1,set(),,Search,Keyed retrieval from episodic event memory,s|ent|c,t,True,original,False,,,22
27,1,103,"Consider all events involving both Julian Ross and flash flood emergency at Buenos Aires Province. Provide a list of all dates when these events occurred, without describing the events.","(*, s, ent, c)","(*, {Buenos Aires Province}, {Julian Ross}, {flash flood emergency})",Times,all,"{'May 14, 2025'}",{51},"{51: 'May 14, 2025'}",1,1,set(),,Search,Keyed retrieval from episodic event memory,t,s|ent|c,True,original,False,,,23
18,0,1485,"Consider all events involving Samuel Parker at Auckland Region. Provide a list of all dates when these events occurred, without describing the events.","(*, s, ent, *)","(*, {Auckland Region}, {Samuel Parker}, *)",Times,all,set(),set(),{},0,0,"{'date', 'location'}",False,Search,Keyed retrieval from episodic event memory,t|c,s|ent,True,original,False,,,24
30,1,1394,What is the most recent date Logan Diaz was observed or mentioned in the story's chronology?,"(*, *, ent, *)","(*, *, {Logan Diaz}, *)",Times,latest,"['March 23, 2024']",[5],"{5: 'March 23, 2024'}",1,1,set(),,Stateful Processing,Latest-state retrieval in an event stream,t|s|c,ent,True,original,False,,,25
26,0,1743,"Consider the events involving both Noah Williams and fishing fleet loss on April 09, 2026. List all the locations where these events took place, without describing the events themselves.","(t, *, ent, c)","({April 09, 2026}, *, {Noah Williams}, {fishing fleet loss})",Spaces,all,set(),set(),{},0,0,"{'content', 'date', 'entity'}",True,Search,Keyed retrieval from episodic event memory,s,t|ent|c,True,original,False,,,26
28,0,2110,"Recall what happened involving Chloe Castillo and wind farm destruction at Nairobi County on April 09, 2026 and list only who else was involved (if anyone).","(t, s, ent, c)","({April 09, 2026}, {Nairobi County}, {Chloe Castillo}, {wind farm destruction})",Other entities,all,set(),set(),{},0,0,"{'content', 'entity'}",True,Match and Compare,Co-occurrence lookup excluding anchor entity,,t|s|ent|c,True,original,False,,,27
9,1,509,"Recall all events related to air quality emergency. Provide a list of all dates when these events occurred, without describing the events.","(*, *, *, c)","(*, *, *, {air quality emergency})",Times,all,"{'September 03, 2026'}",{20},"{20: 'September 03, 2026'}",1,1,set(),,Search,Keyed retrieval from episodic event memory,t|s|ent,c,True,original,False,,,28
26,0,1735,"Consider the events involving both Lily Nguyen and water supply contamination on April 09, 2026. List all the locations where these events took place, without describing the events themselves.","(t, *, ent, c)","({April 09, 2026}, *, {Lily Nguyen}, {water supply contamination})",Spaces,all,set(),set(),{},0,0,{'content'},False,Search,Keyed retrieval from episodic event memory,s,t|ent|c,True,original,False,,,29
11,2,983,"Reflect on events related to produce contamination outbreak. Provide a list of all protagonists involved in these events, without describing the events.","(*, *, *, c)","(*, *, *, {produce contamination outbreak})",Entities,all,"{'Zoe Brown', 'Lillian Mendoza'}","{35, 4}","{4: 'Zoe Brown', 35: 'Lillian Mendoza'}",2,2,set(),,Search,Keyed retrieval from episodic event memory,t|s|ent,c,True,original,False,,,30
19,1,872,"Reflect on Carter Stewart's experiences at Buenos Aires Province. Describe all the key events they've been involved in at this location, focusing on what happened rather than when it occurred.","(*, s, ent, *)","(*, {Buenos Aires Province}, {Carter Stewart}, *)",Event contents,all,{'bridge collapse'},{30},{30: 'bridge collapse'},1,1,set(),,Search,Keyed retrieval from episodic event memory,t|c,s|ent,True,original,False,,,31
16,0,2023,"Recall the events related to wind farm destruction that occurred on April 09, 2026. List all the locations where these events took place, without describing the events themselves.","(t, *, *, c)","({April 09, 2026}, *, *, {wind farm destruction})",Spaces,all,set(),set(),{},0,0,"{'content', 'entity'}",True,Search,Keyed retrieval from episodic event memory,s|ent,t|c,True,original,False,,,32
16,1,639,"Recall the events related to residential tower fire that occurred on February 27, 2026. List all the locations where these events took place, without describing the events themselves.","(t, *, *, c)","({February 27, 2026}, *, *, {residential tower fire})",Spaces,all,{'Rajasthan'},{44},{44: 'Rajasthan'},1,1,set(),,Search,Keyed retrieval from episodic event memory,s|ent,t|c,True,original,False,,,33
29,1,482,"Provide a comprehensive account of what happened involving Lily Nguyen and residential tower fire at Minas Gerais on April 09, 2026. Include all relevant details about the event(s), including what occurred and any other pertinent information.","(t, s, ent, c)","({April 09, 2026}, {Minas Gerais}, {Lily Nguyen}, {residential tower fire})",Full event details,all,{'Full chapter 23'},{23},{23: ['Full chapter 23']},1,1,set(),,Composite,Story full event details,,t|s|ent|c,True,original,False,,,34
21,1,1177,"Think about the events involving flash flood emergency at Buenos Aires Province. List all protagonists involved in these events, without mentioning the events themselves.","(*, s, *, c)","(*, {Buenos Aires Province}, *, {flash flood emergency})",Entities,all,{'Julian Ross'},{51},{51: 'Julian Ross'},1,1,set(),,Search,Keyed retrieval from episodic event memory,t|ent,s|c,True,original,False,,,35
20,0,1912,"Recall all events related to flash flood emergency that occurred at Auckland Region. Provide a list of all dates when these events took place, without describing the events.","(*, s, *, c)","(*, {Auckland Region}, *, {flash flood emergency})",Times,all,set(),set(),{},0,0,"{'date', 'location'}",False,Search,Keyed retrieval from episodic event memory,t|ent,s|c,True,original,False,,,36
15,1,1096,"Reflect on what Scarlett Thomas experienced on April 09, 2026. Describe all the key events they were involved in, focusing on what happened rather than where it occurred.","(t, *, ent, *)","({April 09, 2026}, *, {Scarlett Thomas}, *)",Event contents,all,{'factory explosion'},{46},{46: 'factory explosion'},1,1,set(),,Search,Keyed retrieval from episodic event memory,s|c,t|ent,True,original,False,,,37
4,1,359,"Consider the location Antioquia Department. List all protagonists that have been involved in any events at this location, without mentioning the events themselves.","(*, s, *, *)","(*, {Antioquia Department}, *, *)",Entities,all,{'Henry Reed'},{37},{37: 'Henry Reed'},1,1,set(),,Search,Keyed retrieval from episodic event memory,t|ent|c,s,True,original,False,,,38
28,1,767,"Recall what happened involving Ezra Edwards and flash flood emergency at Ontario on December 03, 2026 and list only who else was involved (if anyone).","(t, s, ent, c)","({December 03, 2026}, {Ontario}, {Ezra Edwards}, {flash flood emergency})",Other entities,all,set(),{24},{24: []},0,1,set(),,Match and Compare,Co-occurrence lookup excluding anchor entity,,t|s|ent|c,True,original,False,,,39
24,1,769,"Recall what happened involving Ezra Edwards at Ontario on December 03, 2026. Describe the key events or activities that occurred, focusing on what happened.","(t, s, ent, *)","({December 03, 2026}, {Ontario}, {Ezra Edwards}, *)",Event contents,all,{'flash flood emergency'},{24},{24: 'flash flood emergency'},1,1,set(),,Search,Keyed retrieval from episodic event memory,c,t|s|ent,True,original,False,,,40
32,"{3,4,5}",1435,What was Levi Rodriguez doing the last time they were observed in the story's timeline?,"(*, *, ent, *)","(*, *, {Levi Rodriguez}, *)",Event contents,latest,['factory explosion'],[15],{15: 'factory explosion'},1,5,set(),,Stateful Processing,Latest-state retrieval in an event stream,t|s|c,ent,True,original,False,,,41
18,0,1456,"Consider all events involving Ella Ross at Alberta. Provide a list of all dates when these events occurred, without describing the events.","(*, s, ent, *)","(*, {Alberta}, {Ella Ross}, *)",Times,all,set(),set(),{},0,0,"{'content', 'date', 'location', 'entity'}",False,Search,Keyed retrieval from episodic event memory,t|c,s|ent,True,original,False,,,42
35,0,1774,"Enumerate all activities that Ellie Garcia has been involved in, ordered from earliest to latest in the story's chronology.","(*, *, ent, *)","(*, *, {Ellie Garcia}, *)",Event contents,chronological,set(),set(),{},0,0,{'entity'},False,Compute on Sets and Lists,Temporal ordering over retrieved events,t|s|c,ent,True,original,False,,,43
12,1,1362,"Think about what happened at Ontario on December 03, 2026. List all protagonists involved in any events at this time and place, without describing the events.","(t, s, *, *)","({December 03, 2026}, {Ontario}, *, *)",Entities,all,{'Ezra Edwards'},{24},{24: 'Ezra Edwards'},1,1,set(),,Search,Keyed retrieval from episodic event memory,ent|c,t|s,True,original,False,,,44
18,1,22,"Consider all events involving Julian Ross at Buenos Aires Province. Provide a list of all dates when these events occurred, without describing the events.","(*, s, ent, *)","(*, {Buenos Aires Province}, {Julian Ross}, *)",Times,all,"{'May 14, 2025'}",{51},"{51: 'May 14, 2025'}",1,1,set(),,Search,Keyed retrieval from episodic event memory,t|c,s|ent,True,original,False,,,45
14,1,249,"Consider the events involving Ezra Edwards on December 03, 2026. List all the locations where these events took place, without describing the events themselves.","(t, *, ent, *)","({December 03, 2026}, *, {Ezra Edwards}, *)",Spaces,all,{'Ontario'},{24},{24: 'Ontario'},1,1,set(),,Search,Keyed retrieval from episodic event memory,s|c,t|ent,True,original,False,,,46
26,0,1706,"Consider the events involving both Chloe Castillo and wind farm destruction on April 09, 2026. List all the locations where these events took place, without describing the events themselves.","(t, *, ent, c)","({April 09, 2026}, *, {Chloe Castillo}, {wind farm destruction})",Spaces,all,set(),set(),{},0,0,"{'content', 'entity'}",True,Search,Keyed retrieval from episodic event memory,s,t|ent|c,True,original,False,,,47
20,0,1890,"Recall all events related to airport customs breach that occurred at Auckland Region. Provide a list of all dates when these events took place, without describing the events.","(*, s, *, c)","(*, {Auckland Region}, *, {airport customs breach})",Times,all,set(),set(),{},0,0,"{'location', 'content', 'entity', 'date'}",False,Search,Keyed retrieval from episodic event memory,t|ent,s|c,True,original,False,,,48
3,1,1137,"Think about all events that have occurred at Maharashtra. Provide a list of all dates when these events took place, without describing the events.","(*, s, *, *)","(*, {Maharashtra}, *, *)",Times,all,"{'June 14, 2025'}",{45},"{45: 'June 14, 2025'}",1,1,set(),,Search,Keyed retrieval from episodic event memory,t|ent|c,s,True,original,False,,,49
26,1,301,"Story spot-the-difference: Compare the answers to these two story queries and list differences.
A) Consider the events involving both Benjamin Green and volcanic eruption on April 09, 2026. List all the locations where these events took place, without describing the events themselves.
B) Consider all events involving Levi Rodriguez at Nairobi County. Provide a list of all dates when these events occurred, without describing the events.
Return two lists: only_in_A and only_in_B.","(t, *, ent, c)","({April 09, 2026}, *, {Benjamin Green}, {volcanic eruption})",story_diff::set_difference,all,"{""only_in_A"": [""Nairobi County""], ""only_in_B"": [""July 25, 2024"", ""May 28, 2025""]}",,"{""only_in_A"": [""Nairobi County""], ""only_in_B"": [""July 25, 2024"", ""May 28, 2025""]}",1,1,set(),,Spot the Differences,Story-grounded set difference,s,t|ent|c,True,story_synthetic,True,spot_the_differences,Compared q_idx 26 vs 18,50
1,1,220,"Consider all events that happened on January 26, 2025. Provide a list of all protagonists involved in any of these events, without describing the events themselves.","(t, *, *, *)","({January 26, 2025}, *, *, *)",Entities,all,{'Zoe Brown'},{41},{41: 'Zoe Brown'},1,1,set(),,Search,Keyed retrieval from episodic event memory,s|ent|c,t,True,original,False,,,51
25,0,2570,"Think about the events related to political assassination that occurred at Maharashtra on August 12, 2025. List all protagonists involved in these events, without describing the events themselves.","(t, s, *, c)","({August 12, 2025}, {Maharashtra}, *, {political assassination})",Entities,all,set(),set(),{},0,0,{'date'},False,Search,Keyed retrieval from episodic event memory,ent,t|s|c,True,original,False,,,52
19,0,2245,"Reflect on Layla Peterson's experiences at Auckland Region. Describe all the key events they've been involved in at this location, focusing on what happened rather than when it occurred.","(*, s, ent, *)","(*, {Auckland Region}, {Layla Peterson}, *)",Event contents,all,set(),set(),{},0,0,"{'location', 'content', 'entity', 'date'}",False,Search,Keyed retrieval from episodic event memory,t|c,s|ent,True,original,False,,,53
16,0,2006,"Recall the events related to political assassination that occurred on August 12, 2025. List all the locations where these events took place, without describing the events themselves.","(t, *, *, c)","({August 12, 2025}, *, *, {political assassination})",Spaces,all,set(),set(),{},0,0,{'date'},False,Search,Keyed retrieval from episodic event memory,s|ent,t|c,True,original,False,,,54
14,1,273,"Consider the events involving Lily Nguyen on April 09, 2026. List all the locations where these events took place, without describing the events themselves.","(t, *, ent, *)","({April 09, 2026}, *, {Lily Nguyen}, *)",Spaces,all,{'Minas Gerais'},{23},{23: 'Minas Gerais'},1,1,set(),,Search,Keyed retrieval from episodic event memory,s|c,t|ent,True,original,False,,,55
22,0,1496,"Consider all events involving both Brooklyn Ross and factory explosion. Provide a list of all dates when these events occurred, without describing the events.","(*, *, ent, c)","(*, *, {Brooklyn Ross}, {factory explosion})",Times,all,set(),set(),{},0,0,"{'content', 'date', 'entity'}",True,Search,Keyed retrieval from episodic event memory,t|s,ent|c,True,original,False,,,56
24,1,850,"Recall what happened involving Scarlett Thomas at Greater Mumbai on April 09, 2026. Describe the key events or activities that occurred, focusing on what happened.","(t, s, ent, *)","({April 09, 2026}, {Greater Mumbai}, {Scarlett Thomas}, *)",Event contents,all,{'factory explosion'},{46},{46: 'factory explosion'},1,1,set(),,Search,Keyed retrieval from episodic event memory,c,t|s|ent,True,original,False,,,57
20,2,574,"Recall all events related to volcanic eruption that occurred at Nairobi County. Provide a list of all dates when these events took place, without describing the events.","(*, s, *, c)","(*, {Nairobi County}, *, {volcanic eruption})",Times,all,"{'July 25, 2024', 'April 09, 2026'}","{53, 14}","{14: 'April 09, 2026', 53: 'July 25, 2024'}",2,2,set(),,Search,Keyed retrieval from episodic event memory,t|ent,s|c,True,original,False,,,58
24,0,2148,"Recall what happened involving Jaxon Howard at East Java on August 12, 2025. Describe the key events or activities that occurred, focusing on what happened.","(t, s, ent, *)","({August 12, 2025}, {East Java}, {Jaxon Howard}, *)",Event contents,all,set(),set(),{},0,0,"{'content', 'location', 'entity', 'date'}",False,Search,Keyed retrieval from episodic event memory,c,t|s|ent,True,original,False,,,59
23,0,2314,"Reflect on the experiences of Brooklyn Ross related to volcanic eruption. List all the unique locations where these events took place, without mentioning the events themselves.","(*, *, ent, c)","(*, *, {Brooklyn Ross}, {volcanic eruption})",Spaces,all,set(),set(),{},0,0,"{'date', 'entity'}",True,Search,Keyed retrieval from episodic event memory,t|s,ent|c,True,original,False,,,60
21,1,1208,"Think about the events involving residential tower fire at Antioquia Department. List all protagonists involved in these events, without mentioning the events themselves.","(*, s, *, c)","(*, {Antioquia Department}, *, {residential tower fire})",Entities,all,{'Henry Reed'},{37},{37: 'Henry Reed'},1,1,set(),,Search,Keyed retrieval from episodic event memory,t|ent,s|c,True,original,False,,,61
1,1,225,"Consider all events that happened on May 07, 2024. Provide a list of all protagonists involved in any of these events, without describing the events themselves.","(t, *, *, *)","({May 07, 2024}, *, *, *)",Entities,all,{'Zoe Brown'},{4},{4: 'Zoe Brown'},1,1,set(),,Search,Keyed retrieval from episodic event memory,s|ent|c,t,True,original,False,,,62
22,2,98,"Consider all events involving both Henry Reed and toxic waste spill. Provide a list of all dates when these events occurred, without describing the events.","(*, *, ent, c)","(*, *, {Henry Reed}, {toxic waste spill})",Times,all,"{'May 28, 2025', 'March 23, 2025'}","{48, 47}","{47: 'March 23, 2025', 48: 'May 28, 2025'}",2,2,set(),,Search,Keyed retrieval from episodic event memory,t|s,ent|c,True,original,False,,,63
28,0,2199,"Recall what happened involving Scarlett Thomas and political assassination at Maharashtra on August 12, 2025 and list only who else was involved (if anyone).","(t, s, ent, c)","({August 12, 2025}, {Maharashtra}, {Scarlett Thomas}, {political assassination})",Other entities,all,set(),set(),{},0,0,{'date'},False,Match and Compare,Co-occurrence lookup excluding anchor entity,,t|s|ent|c,True,original,False,,,64
26,0,1724,"Consider the events involving both Jaxon Howard and reservoir breach on August 12, 2025. List all the locations where these events took place, without describing the events themselves.","(t, *, ent, c)","({August 12, 2025}, *, {Jaxon Howard}, {reservoir breach})",Spaces,all,set(),set(),{},0,0,"{'content', 'location', 'entity', 'date'}",False,Search,Keyed retrieval from episodic event memory,s,t|ent|c,True,original,False,,,65
13,1,705,"Recall the key events that occurred at Ontario on December 03, 2026. Describe what happened, focusing on the actions or occurrences rather than who was involved.","(t, s, *, *)","({December 03, 2026}, {Ontario}, *, *)",Event contents,all,{'flash flood emergency'},{24},{24: 'flash flood emergency'},1,1,set(),,Search,Keyed retrieval from episodic event memory,ent|c,t|s,True,original,False,,,66
27,0,1553,"Consider all events involving both Layla Peterson and airport customs breach at Auckland Region. Provide a list of all dates when these events occurred, without describing the events.","(*, s, ent, c)","(*, {Auckland Region}, {Layla Peterson}, {airport customs breach})",Times,all,set(),set(),{},0,0,"{'location', 'content', 'entity', 'date'}",False,Search,Keyed retrieval from episodic event memory,t,s|ent|c,True,original,False,,,67
34,1,404,List all locations visited by Bella Alvarez in chronological order according to the story's timeline.,"(*, *, ent, *)","(*, *, {Bella Alvarez}, *)",Spaces,chronological,['Dodoma Region'],[43],{43: 'Dodoma Region'},1,1,set(),,Compute on Sets and Lists,Temporal ordering over retrieved events,t|s|c,ent,True,original,False,,,68
15,0,2397,"Reflect on what Noah Williams experienced on April 09, 2026. Describe all the key events they were involved in, focusing on what happened rather than where it occurred.","(t, *, ent, *)","({April 09, 2026}, *, {Noah Williams}, *)",Event contents,all,set(),set(),{},0,0,"{'content', 'date', 'entity'}",True,Search,Keyed retrieval from episodic event memory,s|c,t|ent,True,original,False,,,69
13,1,696,"Recall the key events that occurred at Minas Gerais on April 09, 2026. Describe what happened, focusing on the actions or occurrences rather than who was involved.","(t, s, *, *)","({April 09, 2026}, {Minas Gerais}, *, *)",Event contents,all,{'residential tower fire'},{23},{23: 'residential tower fire'},1,1,set(),,Search,Keyed retrieval from episodic event memory,ent|c,t|s,True,original,False,,,70
5,2,738,"Recall the various events that have taken place at North Dakota. Describe what happened during these events, focusing on the actions or occurrences rather than the timing or people involved.","(*, s, *, *)","(*, {North Dakota}, *, *)",Event contents,all,"{'bridge collapse', 'volcanic eruption'}","{9, 52}","{9: 'bridge collapse', 52: 'volcanic eruption'}",2,2,set(),,Search,Keyed retrieval from episodic event memory,t|ent|c,s,True,original,False,,,71
6,2,951,"Reflect on all events involving Benjamin Green. Provide a list of all dates when these events occurred, without describing the events.","(*, *, ent, *)","(*, *, {Benjamin Green}, *)",Times,all,"{'February 27, 2026', 'April 09, 2026'}","{14, 7}","{7: 'February 27, 2026', 14: 'April 09, 2026'}",2,2,set(),,Search,Keyed retrieval from episodic event memory,t|s|c,ent,True,original,False,,,72
25,1,1278,"Think about the events related to flash flood emergency that occurred at Ontario on December 03, 2026. List all protagonists involved in these events, without describing the events themselves.","(t, s, *, c)","({December 03, 2026}, {Ontario}, *, {flash flood emergency})",Entities,all,{'Ezra Edwards'},{24},{24: 'Ezra Edwards'},1,1,set(),,Search,Keyed retrieval from episodic event memory,ent,t|s|c,True,original,False,,,73
4,1,360,"Consider the location Bagmati Province. List all protagonists that have been involved in any events at this location, without mentioning the events themselves.","(*, s, *, *)","(*, {Bagmati Province}, *, *)",Entities,all,{'Lillian Mendoza'},{35},{35: 'Lillian Mendoza'},1,1,set(),,Search,Keyed retrieval from episodic event memory,t|ent|c,s,True,original,False,,,74
12,0,2603,"Think about what happened at East Java on August 12, 2025. List all protagonists involved in any events at this time and place, without describing the events.","(t, s, *, *)","({August 12, 2025}, {East Java}, *, *)",Entities,all,set(),set(),{},0,0,"{'content', 'location', 'entity', 'date'}",False,Search,Keyed retrieval from episodic event memory,ent|c,t|s,True,original,False,,,75
16,1,623,"Story spot-the-difference: Compare the answers to these two story queries and list differences.
A) Recall the events related to flash flood emergency that occurred on December 03, 2026. List all the locations where these events took place, without describing the events themselves.
B) Recall the events related to fishing fleet loss that occurred on June 14, 2025. List all the locations where these events took place, without describing the events themselves.
Return two lists: only_in_A and only_in_B.","(t, *, *, c)","({December 03, 2026}, *, *, {flash flood emergency})",story_diff::set_difference,all,"{""only_in_A"": [""Ontario""], ""only_in_B"": [""Minas Gerais"", ""Sichuan Province""]}",,"{""only_in_A"": [""Ontario""], ""only_in_B"": [""Minas Gerais"", ""Sichuan Province""]}",1,1,set(),,Spot the Differences,Story-grounded set difference,s|ent,t|c,True,story_synthetic,True,spot_the_differences,Compared q_idx 16 vs 16,76
11,1,972,"Reflect on events related to air quality emergency. Provide a list of all protagonists involved in these events, without describing the events.","(*, *, *, c)","(*, *, *, {air quality emergency})",Entities,all,{'Hazel Lewis'},{20},{20: 'Hazel Lewis'},1,1,set(),,Search,Keyed retrieval from episodic event memory,t|s|ent,c,True,original,False,,,77
24,1,863,"Recall what happened involving Zoe Brown at Luzon Region on December 26, 2026. Describe the key events or activities that occurred, focusing on what happened.","(t, s, ent, *)","({December 26, 2026}, {Luzon Region}, {Zoe Brown}, *)",Event contents,all,{'factory explosion'},{49},{49: 'factory explosion'},1,1,set(),,Search,Keyed retrieval from episodic event memory,c,t|s|ent,True,original,False,,,78
0,0,1957,"Recall all the events that occurred on December 10, 2026. Without describing the events, list all the unique locations where these events took place.","(t, *, *, *)","({December 10, 2026}, *, *, *)",Spaces,all,set(),set(),{},0,0,"{'content', 'date'}",False,Search,Keyed retrieval from episodic event memory,s|ent|c,t,True,original,False,,,79
11,2,978,"Reflect on events related to magnitude 9.0 earthquake. Provide a list of all protagonists involved in these events, without describing the events.","(*, *, *, c)","(*, *, *, {magnitude 9.0 earthquake})",Entities,all,"{'Carter Stewart', 'Levi Rodriguez'}","{50, 55}","{50: 'Carter Stewart', 55: 'Levi Rodriguez'}",2,2,set(),,Search,Keyed retrieval from episodic event memory,t|s|ent,c,True,original,False,,,80
16,2,656,"Story recall-and-edit: Start from the answer to this story query: ""Recall the events related to volcanic eruption that occurred on March 23, 2024. List all the locations where these events took place, without describing the events themselves."". Remove ""Buenos Aires Province"" from that answer. Return only the remaining items.","(t, *, *, c)","({March 23, 2024}, *, *, {volcanic eruption})",story_edit::remove_one,all,{'Kampong Cham Province'},,{'remaining_items': ['Kampong Cham Province']},2,2,set(),,Recall and Edit,Story-grounded remove-one edit,s|ent,t|c,True,story_synthetic,True,recall_and_edit,Removed item: Buenos Aires Province,81
1,0,1628,"Consider all events that happened on August 27, 2024. Provide a list of all protagonists involved in any of these events, without describing the events themselves.","(t, *, *, *)","({August 27, 2024}, *, *, *)",Entities,all,set(),set(),{},0,0,{'date'},False,Search,Keyed retrieval from episodic event memory,s|ent|c,t,True,original,False,,,82
25,0,2552,"Think about the events related to fishing fleet loss that occurred at Kampong Cham Province on April 09, 2026. List all protagonists involved in these events, without describing the events themselves.","(t, s, *, c)","({April 09, 2026}, {Kampong Cham Province}, *, {fishing fleet loss})",Entities,all,set(),set(),{},0,0,"{'content', 'date', 'entity'}",True,Search,Keyed retrieval from episodic event memory,ent,t|s|c,True,original,False,,,83
26,0,1748,"Consider the events involving both Scarlett Thomas and political assassination on August 12, 2025. List all the locations where these events took place, without describing the events themselves.","(t, *, ent, c)","({August 12, 2025}, *, {Scarlett Thomas}, {political assassination})",Spaces,all,set(),set(),{},0,0,{'date'},False,Search,Keyed retrieval from episodic event memory,s,t|ent|c,True,original,False,,,84
23,1,996,"Reflect on the experiences of Benjamin Green related to volcanic eruption. List all the unique locations where these events took place, without mentioning the events themselves.","(*, *, ent, c)","(*, *, {Benjamin Green}, {volcanic eruption})",Spaces,all,{'Nairobi County'},{14},{14: 'Nairobi County'},1,1,set(),,Search,Keyed retrieval from episodic event memory,t|s,ent|c,True,original,False,,,85
24,0,2105,"Recall what happened involving Carter Stewart at Vermont on August 27, 2024. Describe the key events or activities that occurred, focusing on what happened.","(t, s, ent, *)","({August 27, 2024}, {Vermont}, {Carter Stewart}, *)",Event contents,all,set(),set(),{},0,0,{'date'},False,Search,Keyed retrieval from episodic event memory,c,t|s|ent,True,original,False,,,86
29,0,1841,"Provide a comprehensive account of what happened involving Chloe Castillo and wind farm destruction at Nairobi County on April 09, 2026. Include all relevant details about the event(s), including what occurred and any other pertinent information.","(t, s, ent, c)","({April 09, 2026}, {Nairobi County}, {Chloe Castillo}, {wind farm destruction})",Full event details,all,set(),set(),{},0,0,"{'content', 'entity'}",True,Composite,Story full event details,,t|s|ent|c,True,original,False,,,87
25,1,1272,"Think about the events related to factory explosion that occurred at Luzon Region on December 26, 2026. List all protagonists involved in these events, without describing the events themselves.","(t, s, *, c)","({December 26, 2026}, {Luzon Region}, *, {factory explosion})",Entities,all,{'Zoe Brown'},{49},{49: 'Zoe Brown'},1,1,set(),,Search,Keyed retrieval from episodic event memory,ent,t|s|c,True,original,False,,,88
21,1,1209,"Think about the events involving residential tower fire at Buenos Aires Province. List all protagonists involved in these events, without mentioning the events themselves.","(*, s, *, c)","(*, {Buenos Aires Province}, *, {residential tower fire})",Entities,all,{'Lillian Mendoza'},{59},{59: 'Lillian Mendoza'},1,1,set(),,Search,Keyed retrieval from episodic event memory,t|ent,s|c,True,original,False,,,89
10,2,179,"Consider all events involving opera house fire. List all the locations where these events took place, without mentioning the events themselves.","(*, *, *, c)","(*, *, *, {opera house fire})",Spaces,all,"{'Greater Mumbai', 'Dodoma Region'}","{34, 39}","{34: 'Greater Mumbai', 39: 'Dodoma Region'}",2,2,set(),,Search,Keyed retrieval from episodic event memory,t|s|ent,c,True,original,False,,,90
10,1,181,"Story spot-the-difference: Compare the answers to these two story queries and list differences.
A) Consider all events involving political assassination. List all the locations where these events took place, without mentioning the events themselves.
B) Reflect on the experiences of Benjamin Green related to volcanic eruption. List all the unique locations where these events took place, without mentioning the events themselves.
Return two lists: only_in_A and only_in_B.","(*, *, *, c)","(*, *, *, {political assassination})",story_diff::set_difference,all,"{""only_in_A"": [""Maharashtra""], ""only_in_B"": [""Nairobi County""]}",,"{""only_in_A"": [""Maharashtra""], ""only_in_B"": [""Nairobi County""]}",1,1,set(),,Spot the Differences,Story-grounded set difference,t|s|ent,c,True,story_synthetic,True,spot_the_differences,Compared q_idx 10 vs 23,91
12,0,2635,"Think about what happened at Vermont on August 27, 2024. List all protagonists involved in any events at this time and place, without describing the events.","(t, s, *, *)","({August 27, 2024}, {Vermont}, *, *)",Entities,all,set(),set(),{},0,0,{'date'},False,Search,Keyed retrieval from episodic event memory,ent|c,t|s,True,original,False,,,92
26,1,309,"Consider the events involving both Ezra Edwards and flash flood emergency on December 03, 2026. List all the locations where these events took place, without describing the events themselves.","(t, *, ent, c)","({December 03, 2026}, *, {Ezra Edwards}, {flash flood emergency})",Spaces,all,{'Ontario'},{24},{24: 'Ontario'},1,1,set(),,Search,Keyed retrieval from episodic event memory,s,t|ent|c,True,original,False,,,93
3,1,1138,"Think about all events that have occurred at Maine. Provide a list of all dates when these events took place, without describing the events.","(*, s, *, *)","(*, {Maine}, *, *)",Times,all,"{'January 03, 2026'}",{18},"{18: 'January 03, 2026'}",1,1,set(),,Search,Keyed retrieval from episodic event memory,t|ent|c,s,True,original,False,,,94
18,1,15,"Consider all events involving Henry Reed at Buenos Aires Province. Provide a list of all dates when these events occurred, without describing the events.","(*, s, ent, *)","(*, {Buenos Aires Province}, {Henry Reed}, *)",Times,all,"{'March 23, 2024'}",{38},"{38: 'March 23, 2024'}",1,1,set(),,Search,Keyed retrieval from episodic event memory,t|c,s|ent,True,original,False,,,95
16,0,2007,"Recall the events related to reservoir breach that occurred on August 12, 2025. List all the locations where these events took place, without describing the events themselves.","(t, *, *, c)","({August 12, 2025}, *, *, {reservoir breach})",Spaces,all,set(),set(),{},0,0,"{'content', 'location', 'entity', 'date'}",False,Search,Keyed retrieval from episodic event memory,s|ent,t|c,True,original,False,,,96
19,0,2263,"Reflect on Samuel Parker's experiences at Auckland Region. Describe all the key events they've been involved in at this location, focusing on what happened rather than when it occurred.","(*, s, ent, *)","(*, {Auckland Region}, {Samuel Parker}, *)",Event contents,all,set(),set(),{},0,0,"{'date', 'location'}",False,Search,Keyed retrieval from episodic event memory,t|c,s|ent,True,original,False,,,97
28,0,2147,"Recall what happened involving Jaxon Howard and reservoir breach at East Java on August 12, 2025 and list only who else was involved (if anyone).","(t, s, ent, c)","({August 12, 2025}, {East Java}, {Jaxon Howard}, {reservoir breach})",Other entities,all,set(),set(),{},0,0,"{'content', 'location', 'entity', 'date'}",False,Match and Compare,Co-occurrence lookup excluding anchor entity,,t|s|ent|c,True,original,False,,,98
20,0,1896,"Recall all events related to bridge collapse that occurred at Amman Governorate. Provide a list of all dates when these events took place, without describing the events.","(*, s, *, c)","(*, {Amman Governorate}, *, {bridge collapse})",Times,all,set(),set(),{},0,0,"{'location', 'date'}",False,Search,Keyed retrieval from episodic event memory,t|ent,s|c,True,original,False,,,99
20,1,510,"Story spot-the-difference: Compare the answers to these two story queries and list differences.
A) Recall all events related to bridge collapse that occurred at Buenos Aires Province. Provide a list of all dates when these events took place, without describing the events.
B) Reflect on what Scarlett Thomas experienced on April 09, 2026. Describe all the key events they were involved in, focusing on what happened rather than where it occurred.
Return two lists: only_in_A and only_in_B.","(*, s, *, c)","(*, {Buenos Aires Province}, *, {bridge collapse})",story_diff::set_difference,all,"{""only_in_A"": [""January 03, 2026""], ""only_in_B"": [""factory explosion""]}",,"{""only_in_A"": [""January 03, 2026""], ""only_in_B"": [""factory explosion""]}",1,1,set(),,Spot the Differences,Story-grounded set difference,t|ent,s|c,True,story_synthetic,True,spot_the_differences,Compared q_idx 20 vs 15,100
35,2,386,"Enumerate all activities that Chloe Castillo has been involved in, ordered from earliest to latest in the story's chronology.","(*, *, ent, *)","(*, *, {Chloe Castillo}, *)",Event contents,chronological,"['vote counting disruption', 'residential tower fire']","[12, 2]","{2: 'residential tower fire', 12: 'vote counting disruption'}",2,2,set(),,Compute on Sets and Lists,Temporal ordering over retrieved events,t|s|c,ent,True,original,False,,,101
5,"{3,4,5}",729,"Recall the various events that have taken place at Kampong Cham Province. Describe what happened during these events, focusing on the actions or occurrences rather than the timing or people involved.","(*, s, *, *)","(*, {Kampong Cham Province}, *, *)",Event contents,all,"{'nuclear plant meltdown', 'tuberculosis outbreak', 'volcanic eruption'}","{16, 3, 31}","{3: 'nuclear plant meltdown', 16: 'volcanic eruption', 31: 'tuberculosis outbreak'}",3,3,set(),,Search,Keyed retrieval from episodic event memory,t|ent|c,s,True,original,False,,,102
0,1,597,"Recall all the events that occurred on March 23, 2025. Without describing the events, list all the unique locations where these events took place.","(t, *, *, *)","({March 23, 2025}, *, *, *)",Spaces,all,{'Rajasthan'},{47},{47: 'Rajasthan'},1,1,set(),,Search,Keyed retrieval from episodic event memory,s|ent|c,t,True,original,False,,,103
27,1,92,"Consider all events involving both Henry Reed and residential tower fire at Antioquia Department. Provide a list of all dates when these events occurred, without describing the events.","(*, s, ent, c)","(*, {Antioquia Department}, {Henry Reed}, {residential tower fire})",Times,all,"{'November 13, 2026'}",{37},"{37: 'November 13, 2026'}",1,1,set(),,Search,Keyed retrieval from episodic event memory,t,s|ent|c,True,original,False,,,104
24,1,816,"Story spot-the-difference: Compare the answers to these two story queries and list differences.
A) Recall what happened involving Lily Nguyen at Minas Gerais on April 09, 2026. Describe the key events or activities that occurred, focusing on what happened.
B) Think about the events involving factory explosion on December 26, 2026. Provide a list of all protagonists involved in these events, without describing the events.
Return two lists: only_in_A and only_in_B.","(t, s, ent, *)","({April 09, 2026}, {Minas Gerais}, {Lily Nguyen}, *)",story_diff::set_difference,all,"{""only_in_A"": [""residential tower fire""], ""only_in_B"": [""Levi Rodriguez"", ""Zoe Brown""]}",,"{""only_in_A"": [""residential tower fire""], ""only_in_B"": [""Levi Rodriguez"", ""Zoe Brown""]}",1,1,set(),,Spot the Differences,Story-grounded set difference,c,t|s|ent,True,story_synthetic,True,spot_the_differences,Compared q_idx 24 vs 17,105
1,0,1627,"Consider all events that happened on August 12, 2025. Provide a list of all protagonists involved in any of these events, without describing the events themselves.","(t, *, *, *)","({August 12, 2025}, *, *, *)",Entities,all,set(),set(),{},0,0,"{'content', 'location', 'entity', 'date'}",False,Search,Keyed retrieval from episodic event memory,s|ent|c,t,True,original,False,,,106
17,2,1171,"Think about the events involving factory explosion on December 26, 2026. Provide a list of all protagonists involved in these events, without describing the events.","(t, *, *, c)","({December 26, 2026}, *, *, {factory explosion})",Entities,all,"{'Zoe Brown', 'Levi Rodriguez'}","{49, 15}","{15: 'Levi Rodriguez', 49: 'Zoe Brown'}",2,2,set(),,Search,Keyed retrieval from episodic event memory,s|ent,t|c,True,original,False,,,107
19,0,2268,"Reflect on Sofia Ramos's experiences at Andalusia. Describe all the key events they've been involved in at this location, focusing on what happened rather than when it occurred.","(*, s, ent, *)","(*, {Andalusia}, {Sofia Ramos}, *)",Event contents,all,set(),set(),{},0,0,"{'content', 'date', 'location', 'entity'}",False,Search,Keyed retrieval from episodic event memory,t|c,s|ent,True,original,False,,,108
25,0,2572,"Think about the events related to reservoir breach that occurred at East Java on August 12, 2025. List all protagonists involved in these events, without describing the events themselves.","(t, s, *, c)","({August 12, 2025}, {East Java}, *, {reservoir breach})",Entities,all,set(),set(),{},0,0,"{'content', 'location', 'entity', 'date'}",False,Search,Keyed retrieval from episodic event memory,ent,t|s|c,True,original,False,,,109
24,0,2200,"Recall what happened involving Scarlett Thomas at Maharashtra on August 12, 2025. Describe the key events or activities that occurred, focusing on what happened.","(t, s, ent, *)","({August 12, 2025}, {Maharashtra}, {Scarlett Thomas}, *)",Event contents,all,set(),set(),{},0,0,{'date'},False,Search,Keyed retrieval from episodic event memory,c,t|s|ent,True,original,False,,,110
8,1,1108,"Think about Brooklyn Ross's experiences. Describe all the key events they've been involved in, focusing on what happened rather than when or where it occurred.","(*, *, ent, *)","(*, *, {Brooklyn Ross}, *)",Event contents,all,{'police force strike'},{42},{42: 'police force strike'},1,1,set(),,Search,Keyed retrieval from episodic event memory,t|s|c,ent,True,original,False,,,111
26,1,349,"Consider the events involving both Scarlett Thomas and factory explosion on April 09, 2026. List all the locations where these events took place, without describing the events themselves.","(t, *, ent, c)","({April 09, 2026}, *, {Scarlett Thomas}, {factory explosion})",Spaces,all,{'Greater Mumbai'},{46},{46: 'Greater Mumbai'},1,1,set(),,Search,Keyed retrieval from episodic event memory,s,t|ent|c,True,original,False,,,112
25,1,1310,"Think about the events related to volcanic eruption that occurred at Nairobi County on April 09, 2026. List all protagonists involved in these events, without describing the events themselves.","(t, s, *, c)","({April 09, 2026}, {Nairobi County}, *, {volcanic eruption})",Entities,all,{'Benjamin Green'},{14},{14: 'Benjamin Green'},1,1,set(),,Search,Keyed retrieval from episodic event memory,ent,t|s|c,True,original,False,,,113
12,1,1355,"Think about what happened at Nairobi County on April 09, 2026. List all protagonists involved in any events at this time and place, without describing the events.","(t, s, *, *)","({April 09, 2026}, {Nairobi County}, *, *)",Entities,all,{'Benjamin Green'},{14},{14: 'Benjamin Green'},1,1,set(),,Search,Keyed retrieval from episodic event memory,ent|c,t|s,True,original,False,,,114
29,0,1885,"Provide a comprehensive account of what happened involving Scarlett Thomas and political assassination at Maharashtra on August 12, 2025. Include all relevant details about the event(s), including what occurred and any other pertinent information.","(t, s, ent, c)","({August 12, 2025}, {Maharashtra}, {Scarlett Thomas}, {political assassination})",Full event details,all,set(),set(),{},0,0,{'date'},False,Composite,Story full event details,,t|s|ent|c,True,original,False,,,115
8,2,1117,"Story recall-and-edit: Start from the answer to this story query: ""Think about Lillian Mendoza's experiences. Describe all the key events they've been involved in, focusing on what happened rather than when or where it occurred."". Remove ""produce contamination outbreak"" from that answer. Return only the remaining items.","(*, *, ent, *)","(*, *, {Lillian Mendoza}, *)",story_edit::remove_one,all,{'residential tower fire'},,{'remaining_items': ['residential tower fire']},2,2,set(),,Recall and Edit,Story-grounded remove-one edit,t|s|c,ent,True,story_synthetic,True,recall_and_edit,Removed item: produce contamination outbreak,116
25,1,1295,"Think about the events related to residential tower fire that occurred at Minas Gerais on April 09, 2026. List all protagonists involved in these events, without describing the events themselves.","(t, s, *, c)","({April 09, 2026}, {Minas Gerais}, *, {residential tower fire})",Entities,all,{'Lily Nguyen'},{23},{23: 'Lily Nguyen'},1,1,set(),,Search,Keyed retrieval from episodic event memory,ent,t|s|c,True,original,False,,,117
14,1,289,"Consider the events involving Scarlett Thomas on April 09, 2026. List all the locations where these events took place, without describing the events themselves.","(t, *, ent, *)","({April 09, 2026}, *, {Scarlett Thomas}, *)",Spaces,all,{'Greater Mumbai'},{46},{46: 'Greater Mumbai'},1,1,set(),,Search,Keyed retrieval from episodic event memory,s|c,t|ent,True,original,False,,,118
15,0,2402,"Reflect on what Scarlett Thomas experienced on August 12, 2025. Describe all the key events they were involved in, focusing on what happened rather than where it occurred.","(t, *, ent, *)","({August 12, 2025}, *, {Scarlett Thomas}, *)",Event contents,all,set(),set(),{},0,0,{'date'},False,Search,Keyed retrieval from episodic event memory,s|c,t|ent,True,original,False,,,119
14,0,1653,"Consider the events involving Chloe Castillo on April 09, 2026. List all the locations where these events took place, without describing the events themselves.","(t, *, ent, *)","({April 09, 2026}, *, {Chloe Castillo}, *)",Spaces,all,set(),set(),{},0,0,"{'content', 'entity'}",True,Search,Keyed retrieval from episodic event memory,s|c,t|ent,True,original,False,,,120
4,2,377,"Consider the location Sichuan Province. List all protagonists that have been involved in any events at this location, without mentioning the events themselves.","(*, s, *, *)","(*, {Sichuan Province}, *, *)",Entities,all,"{'Noah Williams', 'Levi Rodriguez'}","{58, 60}","{58: 'Levi Rodriguez', 60: 'Noah Williams'}",2,2,set(),,Search,Keyed retrieval from episodic event memory,t|ent|c,s,True,original,False,,,121
22,0,1504,"Consider all events involving both Carter Stewart and tram collision. Provide a list of all dates when these events occurred, without describing the events.","(*, *, ent, c)","(*, *, {Carter Stewart}, {tram collision})",Times,all,set(),set(),{},0,0,"{'content', 'location'}",False,Search,Keyed retrieval from episodic event memory,t|s,ent|c,True,original,False,,,122
2,0,2233,"Reflect on January 24, 2025. Describe all the key events that occurred on this date, focusing on what happened rather than who was involved or where it took place.","(t, *, *, *)","({January 24, 2025}, *, *, *)",Event contents,all,set(),set(),{},0,0,"{'content', 'date'}",False,Search,Keyed retrieval from episodic event memory,s|ent|c,t,True,original,False,,,123
24,0,2186,"Recall what happened involving Noah Williams at Kampong Cham Province on April 09, 2026. Describe the key events or activities that occurred, focusing on what happened.","(t, s, ent, *)","({April 09, 2026}, {Kampong Cham Province}, {Noah Williams}, *)",Event contents,all,set(),set(),{},0,0,"{'content', 'date', 'entity'}",True,Search,Keyed retrieval from episodic event memory,c,t|s|ent,True,original,False,,,124
27,1,121,"Consider all events involving both Lillian Mendoza and produce contamination outbreak at Bagmati Province. Provide a list of all dates when these events occurred, without describing the events.","(*, s, ent, c)","(*, {Bagmati Province}, {Lillian Mendoza}, {produce contamination outbreak})",Times,all,"{'November 13, 2026'}",{35},"{35: 'November 13, 2026'}",1,1,set(),,Search,Keyed retrieval from episodic event memory,t,s|ent|c,True,original,False,,,125
12,1,1353,"Think about what happened at Minas Gerais on April 09, 2026. List all protagonists involved in any events at this time and place, without describing the events.","(t, s, *, *)","({April 09, 2026}, {Minas Gerais}, *, *)",Entities,all,{'Lily Nguyen'},{23},{23: 'Lily Nguyen'},1,1,set(),,Search,Keyed retrieval from episodic event memory,ent|c,t|s,True,original,False,,,126
21,0,2472,"Think about the events involving flash flood emergency at Auckland Region. List all protagonists involved in these events, without mentioning the events themselves.","(*, s, *, c)","(*, {Auckland Region}, *, {flash flood emergency})",Entities,all,set(),set(),{},0,0,"{'date', 'location'}",False,Search,Keyed retrieval from episodic event memory,t|ent,s|c,True,original,False,,,127
29,1,458,"Provide a comprehensive account of what happened involving Ezra Edwards and flash flood emergency at Ontario on December 03, 2026. Include all relevant details about the event(s), including what occurred and any other pertinent information.","(t, s, ent, c)","({December 03, 2026}, {Ontario}, {Ezra Edwards}, {flash flood emergency})",Full event details,all,{'Full chapter 24'},{24},{24: ['Full chapter 24']},1,1,set(),,Composite,Story full event details,,t|s|ent|c,True,original,False,,,128
10,"{3,4,5}",180,"Consider all events involving police force strike. List all the locations where these events took place, without mentioning the events themselves.","(*, *, *, c)","(*, *, *, {police force strike})",Spaces,all,"{'Greater Mumbai', 'Vermont', 'New South Wales'}","{10, 42, 29}","{10: 'New South Wales', 29: 'Vermont', 42: 'Greater Mumbai'}",3,3,set(),,Search,Keyed retrieval from episodic event memory,t|s|ent,c,True,original,False,,,129
13,0,2049,"Recall the key events that occurred at Maharashtra on August 12, 2025. Describe what happened, focusing on the actions or occurrences rather than who was involved.","(t, s, *, *)","({August 12, 2025}, {Maharashtra}, *, *)",Event contents,all,set(),set(),{},0,0,{'date'},False,Search,Keyed retrieval from episodic event memory,ent|c,t|s,True,original,False,,,130
6,6+,971,"Reflect on all events involving Zoe Brown. Provide a list of all dates when these events occurred, without describing the events.","(*, *, ent, *)","(*, *, {Zoe Brown}, *)",Times,all,"{'October 12, 2024', 'November 13, 2026', 'January 26, 2025', 'March 23, 2024', 'June 14, 2025', 'May 07, 2024', 'December 26, 2026'}","{4, 41, 16, 17, 49, 57, 28}","{4: 'May 07, 2024', 16: 'March 23, 2024', 17: 'June 14, 2025', 28: 'October 12, 2024', 41: 'January 26, 2025', 49: 'December 26, 2026', 57: 'November 13, 2026'}",7,7,set(),,Search,Keyed retrieval from episodic event memory,t|s|c,ent,True,original,False,,,131
29,0,1870,"Provide a comprehensive account of what happened involving Lily Nguyen and water supply contamination at Minas Gerais on April 09, 2026. Include all relevant details about the event(s), including what occurred and any other pertinent information.","(t, s, ent, c)","({April 09, 2026}, {Minas Gerais}, {Lily Nguyen}, {water supply contamination})",Full event details,all,set(),set(),{},0,0,{'content'},False,Composite,Story full event details,,t|s|ent|c,True,original,False,,,132
27,0,1515,"Consider all events involving both Ella Ross and airport shutdown at Alberta. Provide a list of all dates when these events occurred, without describing the events.","(*, s, ent, c)","(*, {Alberta}, {Ella Ross}, {airport shutdown})",Times,all,set(),set(),{},0,0,"{'content', 'date', 'location', 'entity'}",False,Search,Keyed retrieval from episodic event memory,t,s|ent|c,True,original,False,,,133
24,0,2113,"Recall what happened involving Chloe Castillo at Nairobi County on April 09, 2026. Describe the key events or activities that occurred, focusing on what happened.","(t, s, ent, *)","({April 09, 2026}, {Nairobi County}, {Chloe Castillo}, *)",Event contents,all,set(),set(),{},0,0,"{'content', 'entity'}",True,Search,Keyed retrieval from episodic event memory,c,t|s|ent,True,original,False,,,134
1,0,1630,"Consider all events that happened on January 22, 2025. Provide a list of all protagonists involved in any of these events, without describing the events themselves.","(t, *, *, *)","({January 22, 2025}, *, *, *)",Entities,all,set(),set(),{},0,0,"{'location', 'content', 'date', 'entity'}",False,Search,Keyed retrieval from episodic event memory,s|ent|c,t,True,original,False,,,135
9,6+,517,"Story recall-and-edit: Start from the answer to this story query: ""Recall all events related to bridge collapse. Provide a list of all dates when these events occurred, without describing the events."". Remove ""February 27, 2026"" from that answer. Return only the remaining items.","(*, *, *, c)","(*, *, *, {bridge collapse})",story_edit::remove_one,all,"{'September 13, 2025', 'October 12, 2024', 'September 27, 2025', 'January 03, 2026'}",,"{'remaining_items': ['January 03, 2026', 'October 12, 2024', 'September 13, 2025', 'September 27, 2025']}",5,7,set(),,Recall and Edit,Story-grounded remove-one edit,t|s|ent,c,True,story_synthetic,True,recall_and_edit,"Removed item: February 27, 2026",136
21,1,1153,"Think about the events involving bridge collapse at Buenos Aires Province. List all protagonists involved in these events, without mentioning the events themselves.","(*, s, *, c)","(*, {Buenos Aires Province}, *, {bridge collapse})",Entities,all,{'Carter Stewart'},{30},{30: 'Carter Stewart'},1,1,set(),,Search,Keyed retrieval from episodic event memory,t|ent,s|c,True,original,False,,,137
22,1,67,"Consider all events involving both Brooklyn Ross and police force strike. Provide a list of all dates when these events occurred, without describing the events.","(*, *, ent, c)","(*, *, {Brooklyn Ross}, {police force strike})",Times,all,"{'October 13, 2024'}",{42},"{42: 'October 13, 2024'}",1,1,set(),,Search,Keyed retrieval from episodic event memory,t|s,ent|c,True,original,False,,,138
27,0,1581,"Consider all events involving both Samuel Parker and flash flood emergency at Auckland Region. Provide a list of all dates when these events occurred, without describing the events.","(*, s, ent, c)","(*, {Auckland Region}, {Samuel Parker}, {flash flood emergency})",Times,all,set(),set(),{},0,0,"{'date', 'location'}",False,Search,Keyed retrieval from episodic event memory,t,s|ent|c,True,original,False,,,139
15,1,1056,"Reflect on what Ezra Edwards experienced on December 03, 2026. Describe all the key events they were involved in, focusing on what happened rather than where it occurred.","(t, *, ent, *)","({December 03, 2026}, *, {Ezra Edwards}, *)",Event contents,all,{'flash flood emergency'},{24},{24: 'flash flood emergency'},1,1,set(),,Search,Keyed retrieval from episodic event memory,s|c,t|ent,True,original,False,,,140
26,1,333,"Consider the events involving both Lily Nguyen and residential tower fire on April 09, 2026. List all the locations where these events took place, without describing the events themselves.","(t, *, ent, c)","({April 09, 2026}, *, {Lily Nguyen}, {residential tower fire})",Spaces,all,{'Minas Gerais'},{23},{23: 'Minas Gerais'},1,1,set(),,Search,Keyed retrieval from episodic event memory,s,t|ent|c,True,original,False,,,141
12,0,2636,"Think about what happened at Vermont on December 03, 2026. List all protagonists involved in any events at this time and place, without describing the events.","(t, s, *, *)","({December 03, 2026}, {Vermont}, *, *)",Entities,all,set(),set(),{},0,0,"{'content', 'date', 'entity'}",True,Search,Keyed retrieval from episodic event memory,ent|c,t|s,True,original,False,,,142
24,1,752,"Recall what happened involving Benjamin Green at Nairobi County on April 09, 2026. Describe the key events or activities that occurred, focusing on what happened.","(t, s, ent, *)","({April 09, 2026}, {Nairobi County}, {Benjamin Green}, *)",Event contents,all,{'volcanic eruption'},{14},{14: 'volcanic eruption'},1,1,set(),,Search,Keyed retrieval from episodic event memory,c,t|s|ent,True,original,False,,,143
18,1,14,"Consider all events involving Henry Reed at Antioquia Department. Provide a list of all dates when these events occurred, without describing the events.","(*, s, ent, *)","(*, {Antioquia Department}, {Henry Reed}, *)",Times,all,"{'November 13, 2026'}",{37},"{37: 'November 13, 2026'}",1,1,set(),,Search,Keyed retrieval from episodic event memory,t|c,s|ent,True,original,False,,,144
23,2,1021,"Story recall-and-edit: Start from the answer to this story query: ""Reflect on the experiences of Levi Rodriguez related to train derailment. List all the unique locations where these events took place, without mentioning the events themselves."". Remove ""Rajasthan"" from that answer. Return only the remaining items.","(*, *, ent, c)","(*, *, {Levi Rodriguez}, {train derailment})",story_edit::remove_one,all,{'Sichuan Province'},,{'remaining_items': ['Sichuan Province']},2,2,set(),,Recall and Edit,Story-grounded remove-one edit,t|s,ent|c,True,story_synthetic,True,recall_and_edit,Removed item: Rajasthan,145
0,1,598,"Recall all the events that occurred on May 07, 2024. Without describing the events, list all the unique locations where these events took place.","(t, *, *, *)","({May 07, 2024}, *, *, *)",Spaces,all,{'Tuscany'},{4},{4: 'Tuscany'},1,1,set(),,Search,Keyed retrieval from episodic event memory,s|ent|c,t,True,original,False,,,146
15,0,2380,"Reflect on what Jaxon Howard experienced on August 12, 2025. Describe all the key events they were involved in, focusing on what happened rather than where it occurred.","(t, *, ent, *)","({August 12, 2025}, *, {Jaxon Howard}, *)",Event contents,all,set(),set(),{},0,0,"{'content', 'location', 'entity', 'date'}",False,Search,Keyed retrieval from episodic event memory,s|c,t|ent,True,original,False,,,147
25,0,2590,"Think about the events related to wind farm destruction that occurred at Nairobi County on April 09, 2026. List all protagonists involved in these events, without describing the events themselves.","(t, s, *, c)","({April 09, 2026}, {Nairobi County}, *, {wind farm destruction})",Entities,all,set(),set(),{},0,0,"{'content', 'entity'}",True,Search,Keyed retrieval from episodic event memory,ent,t|s|c,True,original,False,,,148
27,1,99,"Consider all events involving both Henry Reed and volcanic eruption at Buenos Aires Province. Provide a list of all dates when these events occurred, without describing the events.","(*, s, ent, c)","(*, {Buenos Aires Province}, {Henry Reed}, {volcanic eruption})",Times,all,"{'March 23, 2024'}",{38},"{38: 'March 23, 2024'}",1,1,set(),,Search,Keyed retrieval from episodic event memory,t,s|ent|c,True,original,False,,,149
